1,0.6083962321281433,0.4549495031436284,0.4549495031436284,0.001,0.06135962516642534,0.5470366065318768,0.019448002179463703,0.43550150096416473,0.019448002179463703,0.43550150096416473
2,0.5067552992930779,0.439297820130984,0.439297820130984,0.001,0.041293265154728524,0.4654620358577141,0.010139030792439977,0.4291587918996811,0.010139030792439977,0.4291587918996811
1,0.6083962321281433,0.4549495031436284,0.4549495031436284,0.001,0.06135962516642534,0.5470366065318768,0.019448002179463703,0.43550150096416473,0.019448002179463703,0.43550150096416473
2,0.5067552992930779,0.439297820130984,0.439297820130984,0.001,0.041293265154728524,0.4654620358577141,0.010139030792439977,0.4291587918996811,0.010139030792439977,0.4291587918996811
3,0.4460547176691202,0.3715722511212031,0.3715722511212031,0.001,0.03655921080364631,0.4094955027103424,0.009657242568209767,0.3619150072336197,0.009657242568209767,0.3619150072336197
4,0.4231219796034006,0.34309448798497516,0.34309448798497516,0.001,0.033705524097268395,0.3894164562225342,0.0072438485609988374,0.3358506460984548,0.0072438485609988374,0.3358506460984548
5,0.39248433021398693,0.3103583405415217,0.3103583405415217,0.001,0.031370087168537654,0.36111424290216887,0.011627903518577417,0.29873043298721313,0.011627903518577417,0.29873043298721313
6,0.366703246648495,0.2844560717542966,0.2844560717542966,0.001,0.03054399057649649,0.3361592556421573,0.012240028319259485,0.2722160443663597,0.012240028319259485,0.2722160443663597
7,0.3416309838111584,0.2741467207670212,0.2741467207670212,0.001,0.026476712610859137,0.31515427048389727,0.008496764736870924,0.265649954477946,0.008496764736870924,0.265649954477946
8,0.32421369277513945,0.277479129532973,0.277479129532973,0.001,0.02295109686943201,0.301262596478829,0.007845830094690124,0.2696332981189092,0.007845830094690124,0.2696332981189092
9,0.3107780470297887,0.2707987700899442,0.2707987700899442,0.001,0.02099479641765356,0.2897832519732989,0.009773255636294683,0.2610255206624667,0.009773255636294683,0.2610255206624667
10,0.28434670659211964,0.24969726304213205,0.24969726304213205,0.001,0.0186352263419674,0.2657114817545964,0.008104980845625201,0.2415922780831655,0.008104980845625201,0.2415922780831655
11,0.2728416323661804,0.24932430436213812,0.24932430436213812,0.001,0.015315498153750714,0.25752613177666295,0.0071925614805271225,0.24213173985481262,0.0071925614805271225,0.24213173985481262
12,0.2524598573262875,0.23928890625635782,0.23928890625635782,0.001,0.01369317126675294,0.23876668512821198,0.0066310137044638395,0.2326578920086225,0.0066310137044638395,0.2326578920086225
13,0.2333768491561596,0.2352965697646141,0.2352965697646141,0.001,0.012255430078277221,0.22112141778835884,0.00848219070273141,0.22681437929471335,0.00848219070273141,0.22681437929471335
14,0.21135460298794967,0.2721754436691602,0.2721754436691602,0.001,0.012516785341386612,0.19883781671524048,0.009294084428499142,0.2628813584645589,0.009294084428499142,0.2628813584645589
15,0.19118662637013656,0.25922688841819763,0.25922688841819763,0.001,0.01176721122688972,0.17941941435520464,0.0077515593729913235,0.25147532671689987,0.0077515593729913235,0.25147532671689987
1,0.6083962321281433,0.4549495031436284,0.4549495031436284,0.001,0.06135962516642534,0.5470366065318768,0.019448002179463703,0.43550150096416473,0.019448002179463703,0.43550150096416473
2,0.5067552992930779,0.439297820130984,0.439297820130984,0.001,0.041293265154728524,0.4654620358577141,0.010139030792439977,0.4291587918996811,0.010139030792439977,0.4291587918996811
3,0.4460547176691202,0.3715722511212031,0.3715722511212031,0.001,0.03655921080364631,0.4094955027103424,0.009657242568209767,0.3619150072336197,0.009657242568209767,0.3619150072336197
4,0.4231219796034006,0.34309448798497516,0.34309448798497516,0.001,0.033705524097268395,0.3894164562225342,0.0072438485609988374,0.3358506460984548,0.0072438485609988374,0.3358506460984548
5,0.39248433021398693,0.3103583405415217,0.3103583405415217,0.001,0.031370087168537654,0.36111424290216887,0.011627903518577417,0.29873043298721313,0.011627903518577417,0.29873043298721313
6,0.366703246648495,0.2844560717542966,0.2844560717542966,0.001,0.03054399057649649,0.3361592556421573,0.012240028319259485,0.2722160443663597,0.012240028319259485,0.2722160443663597
7,0.3416309838111584,0.2741467207670212,0.2741467207670212,0.001,0.026476712610859137,0.31515427048389727,0.008496764736870924,0.265649954477946,0.008496764736870924,0.265649954477946
8,0.32421369277513945,0.277479129532973,0.277479129532973,0.001,0.02295109686943201,0.301262596478829,0.007845830094690124,0.2696332981189092,0.007845830094690124,0.2696332981189092
9,0.3107780470297887,0.2707987700899442,0.2707987700899442,0.001,0.02099479641765356,0.2897832519732989,0.009773255636294683,0.2610255206624667,0.009773255636294683,0.2610255206624667
10,0.28434670659211964,0.24969726304213205,0.24969726304213205,0.001,0.0186352263419674,0.2657114817545964,0.008104980845625201,0.2415922780831655,0.008104980845625201,0.2415922780831655
1,0.6083962321281433,0.4549495031436284,0.4549495031436284,0.001,0.06135962516642534,0.5470366065318768,0.019448002179463703,0.43550150096416473,0.019448002179463703,0.43550150096416473
2,0.5067552992930779,0.439297820130984,0.439297820130984,0.001,0.041293265154728524,0.4654620358577141,0.010139030792439977,0.4291587918996811,0.010139030792439977,0.4291587918996811
3,0.4460547176691202,0.3715722511212031,0.3715722511212031,0.001,0.03655921080364631,0.4094955027103424,0.009657242568209767,0.3619150072336197,0.009657242568209767,0.3619150072336197
4,0.4231219796034006,0.34309448798497516,0.34309448798497516,0.001,0.033705524097268395,0.3894164562225342,0.0072438485609988374,0.3358506460984548,0.0072438485609988374,0.3358506460984548
5,0.39248433021398693,0.3103583405415217,0.3103583405415217,0.001,0.031370087168537654,0.36111424290216887,0.011627903518577417,0.29873043298721313,0.011627903518577417,0.29873043298721313
1,0.6083962321281433,0.4549495031436284,0.4549495031436284,0.001,0.06135962516642534,0.5470366065318768,0.019448002179463703,0.43550150096416473,0.019448002179463703,0.43550150096416473
2,0.5067552992930779,0.439297820130984,0.439297820130984,0.001,0.041293265154728524,0.4654620358577141,0.010139030792439977,0.4291587918996811,0.010139030792439977,0.4291587918996811
3,0.4460547176691202,0.3715722511212031,0.3715722511212031,0.001,0.03655921080364631,0.4094955027103424,0.009657242568209767,0.3619150072336197,0.009657242568209767,0.3619150072336197
4,0.4231219796034006,0.34309448798497516,0.34309448798497516,0.001,0.033705524097268395,0.3894164562225342,0.0072438485609988374,0.3358506460984548,0.0072438485609988374,0.3358506460984548
5,0.39248433021398693,0.3103583405415217,0.3103583405415217,0.001,0.031370087168537654,0.36111424290216887,0.011627903518577417,0.29873043298721313,0.011627903518577417,0.29873043298721313
6,0.366703246648495,0.2844560717542966,0.2844560717542966,0.001,0.03054399057649649,0.3361592556421573,0.012240028319259485,0.2722160443663597,0.012240028319259485,0.2722160443663597
7,0.3416309838111584,0.2741467207670212,0.2741467207670212,0.001,0.026476712610859137,0.31515427048389727,0.008496764736870924,0.265649954477946,0.008496764736870924,0.265649954477946
8,0.32421369277513945,0.277479129532973,0.277479129532973,0.001,0.02295109686943201,0.301262596478829,0.007845830094690124,0.2696332981189092,0.007845830094690124,0.2696332981189092
9,0.3107780470297887,0.2707987700899442,0.2707987700899442,0.001,0.02099479641765356,0.2897832519732989,0.009773255636294683,0.2610255206624667,0.009773255636294683,0.2610255206624667
10,0.28434670659211964,0.24969726304213205,0.24969726304213205,0.001,0.0186352263419674,0.2657114817545964,0.008104980845625201,0.2415922780831655,0.008104980845625201,0.2415922780831655
1,0.6083962321281433,0.4549495031436284,0.4549495031436284,0.001,0.06135962516642534,0.5470366065318768,0.019448002179463703,0.43550150096416473,0.019448002179463703,0.43550150096416473
2,0.5067552992930779,0.439297820130984,0.439297820130984,0.001,0.041293265154728524,0.4654620358577141,0.010139030792439977,0.4291587918996811,0.010139030792439977,0.4291587918996811
3,0.4460547176691202,0.3715722511212031,0.3715722511212031,0.001,0.03655921080364631,0.4094955027103424,0.009657242568209767,0.3619150072336197,0.009657242568209767,0.3619150072336197
4,0.4231219796034006,0.34309448798497516,0.34309448798497516,0.001,0.033705524097268395,0.3894164562225342,0.0072438485609988374,0.3358506460984548,0.0072438485609988374,0.3358506460984548
5,0.39248433021398693,0.3103583405415217,0.3103583405415217,0.001,0.031370087168537654,0.36111424290216887,0.011627903518577417,0.29873043298721313,0.011627903518577417,0.29873043298721313
1,0.550843229660621,0.42132710417111713,0.42132710417111713,0.001,0.025195834441826895,0.5256474018096924,0.01446000455568234,0.4068670968214671,0.01446000455568234,0.4068670968214671
1,0.550843229660621,0.42132710417111713,0.42132710417111713,0.001,0.025195834441826895,0.5256474018096924,0.01446000455568234,0.4068670968214671,0.01446000455568234,0.4068670968214671
2,0.4751961873127864,0.39474454522132874,0.39474454522132874,0.001,0.015110644368598094,0.46008554100990295,0.00925030947352449,0.3854942371447881,0.00925030947352449,0.3854942371447881
1,0.550843229660621,0.42132710417111713,0.42132710417111713,0.001,0.025195834441826895,0.5256474018096924,0.01446000455568234,0.4068670968214671,0.01446000455568234,0.4068670968214671
2,0.4751961873127864,0.39474454522132874,0.39474454522132874,0.001,0.015110644368598094,0.46008554100990295,0.00925030947352449,0.3854942371447881,0.00925030947352449,0.3854942371447881
3,0.417725138939344,0.3484843174616496,0.3484843174616496,0.001,0.01140608058239405,0.4063190519809723,0.009012912943338355,0.33947140475114185,0.009012912943338355,0.33947140475114185
4,0.39308589009138256,0.3200105254848798,0.3200105254848798,0.001,0.009959901897953106,0.3831259860442235,0.006570414484788974,0.31344011674324673,0.006570414484788974,0.31344011674324673
5,0.3643799630495218,0.2917886897921562,0.2917886897921562,0.001,0.008428579518714776,0.3559513825636644,0.005841536292185386,0.28594714899857837,0.005841536292185386,0.28594714899857837
6,0.3396361848482719,0.2739618197083473,0.2739618197083473,0.001,0.008085584482894493,0.3315505992907744,0.005500285653397441,0.2684615304072698,0.005500285653397441,0.2684615304072698
7,0.3181129739834712,0.2641349881887436,0.2641349881887436,0.001,0.007248779364789908,0.31086419637386614,0.005176784470677376,0.25895820061365765,0.005176784470677376,0.25895820061365765
8,0.305679515004158,0.2685605585575104,0.2685605585575104,0.001,0.007162702556412954,0.29851680994033813,0.005213397089391947,0.263347161312898,0.005213397089391947,0.263347161312898
9,0.2840777188539505,0.25602374970912933,0.25602374970912933,0.001,0.006707158512794054,0.27737055948147404,0.005097297253087163,0.2509264548619588,0.005097297253087163,0.2509264548619588
10,0.27184673570669615,0.2480659062663714,0.2480659062663714,0.001,0.006655499948045382,0.26519123292886293,0.005051353480666876,0.24301455169916153,0.005051353480666876,0.24301455169916153
11,0.25358913151117474,0.2464543804526329,0.2464543804526329,0.001,0.006342739225007021,0.24724639035188234,0.0051318857197960215,0.24132249255975088,0.0051318857197960215,0.24132249255975088
12,0.24316751039945161,0.23741663247346878,0.23741663247346878,0.001,0.0062067395864197844,0.23696077099213234,0.005065392780428131,0.23235123604536057,0.005065392780428131,0.23235123604536057
13,0.22083054712185493,0.21914649506409964,0.21914649506409964,0.001,0.006039052234532742,0.21479149506642267,0.005003880787019928,0.21414261187116304,0.005003880787019928,0.21414261187116304
14,0.2012087141092007,0.26105858633915585,0.26105858633915585,0.001,0.006006439968657035,0.1952022726719196,0.005353980775301655,0.2557046016057332,0.005353980775301655,0.2557046016057332
15,0.18707659496710852,0.24206752330064774,0.24206752330064774,0.001,0.005940231673706036,0.18113636397398436,0.005229380835468571,0.23683814704418182,0.005229380835468571,0.23683814704418182
16,0.1650056432072933,0.2326649452249209,0.2326649452249209,0.001,0.005752842515133894,0.1592528000473976,0.0053149263840168715,0.22735001891851425,0.0053149263840168715,0.22735001891851425
17,0.14481538648788744,0.24513876934846243,0.24513876934846243,0.001,0.005747885873111395,0.1390674996834535,0.00527027800368766,0.23986849437157312,0.00527027800368766,0.23986849437157312
18,0.13462167806350267,0.24196610351403555,0.24196610351403555,0.001,0.005561432783276989,0.12906024547723624,0.0052283573895692825,0.23673774798711142,0.0052283573895692825,0.23673774798711142
19,0.11666400272112626,0.22875791291395822,0.22875791291395822,0.001,0.005372137619325748,0.11129186474359952,0.005055254014829795,0.22370266169309616,0.005055254014829795,0.22370266169309616
20,0.11671528277488855,0.2729177673657735,0.2729177673657735,0.001,0.00527694638675222,0.11143833570755445,0.005453236633911729,0.2674645309646924,0.005453236633911729,0.2674645309646924
1,0.550843229660621,0.42132710417111713,0.42132710417111713,0.001,0.025195834441826895,0.5256474018096924,0.01446000455568234,0.4068670968214671,0.01446000455568234,0.4068670968214671
2,0.4751961873127864,0.39474454522132874,0.39474454522132874,0.001,0.015110644368598094,0.46008554100990295,0.00925030947352449,0.3854942371447881,0.00925030947352449,0.3854942371447881
1,0.550843229660621,0.42132710417111713,0.42132710417111713,0.001,0.025195834441826895,0.5256474018096924,0.01446000455568234,0.4068670968214671,0.01446000455568234,0.4068670968214671
2,0.4751961873127864,0.39474454522132874,0.39474454522132874,0.001,0.015110644368598094,0.46008554100990295,0.00925030947352449,0.3854942371447881,0.00925030947352449,0.3854942371447881
3,0.417725138939344,0.3484843174616496,0.3484843174616496,0.001,0.01140608058239405,0.4063190519809723,0.009012912943338355,0.33947140475114185,0.009012912943338355,0.33947140475114185
4,0.39308589009138256,0.3200105254848798,0.3200105254848798,0.001,0.009959901897953106,0.3831259860442235,0.006570414484788974,0.31344011674324673,0.006570414484788974,0.31344011674324673
5,0.3643799630495218,0.2917886897921562,0.2917886897921562,0.001,0.008428579518714776,0.3559513825636644,0.005841536292185386,0.28594714899857837,0.005841536292185386,0.28594714899857837
6,0.3396361848482719,0.2739618197083473,0.2739618197083473,0.001,0.008085584482894493,0.3315505992907744,0.005500285653397441,0.2684615304072698,0.005500285653397441,0.2684615304072698
7,0.3181129739834712,0.2641349881887436,0.2641349881887436,0.001,0.007248779364789908,0.31086419637386614,0.005176784470677376,0.25895820061365765,0.005176784470677376,0.25895820061365765
8,0.305679515004158,0.2685605585575104,0.2685605585575104,0.001,0.007162702556412954,0.29851680994033813,0.005213397089391947,0.263347161312898,0.005213397089391947,0.263347161312898
9,0.2840777188539505,0.25602374970912933,0.25602374970912933,0.001,0.006707158512794054,0.27737055948147404,0.005097297253087163,0.2509264548619588,0.005097297253087163,0.2509264548619588
10,0.27184673570669615,0.2480659062663714,0.2480659062663714,0.001,0.006655499948045382,0.26519123292886293,0.005051353480666876,0.24301455169916153,0.005051353480666876,0.24301455169916153
1,0.5745737873590909,0.44713330268859863,0.44713330268859863,0.001,0.024299076471764307,0.525975628541066,0.04051369180281957,0.4066196084022522,0.04051369180281957,0.4066196084022522
2,0.4874902573915628,0.4076196551322937,0.4076196551322937,0.001,0.014236038049253134,0.4590181754185603,0.026415135090549786,0.3812045256296794,0.026415135090549786,0.3812045256296794
3,0.4234499381138728,0.3565128992001216,0.3565128992001216,0.001,0.010898812459065365,0.40165231090325576,0.025839469706018765,0.3306734263896942,0.025839469706018765,0.3306734263896942
4,0.39574379187363845,0.32381052275498706,0.32381052275498706,0.001,0.009564684274104925,0.37661442389855015,0.01900373523434003,0.30480678627888363,0.01900373523434003,0.30480678627888363
5,0.37028221442149234,0.30474621802568436,0.30474621802568436,0.001,0.008329129634568324,0.3536239564418793,0.0186040997505188,0.28614211827516556,0.0186040997505188,0.28614211827516556
1,0.5745737873590909,0.44713330268859863,0.44713330268859863,0.001,0.024299076471764307,0.525975628541066,0.04051369180281957,0.4066196084022522,0.04051369180281957,0.4066196084022522
2,0.4874902573915628,0.4076196551322937,0.4076196551322937,0.001,0.014236038049253134,0.4590181754185603,0.026415135090549786,0.3812045256296794,0.026415135090549786,0.3812045256296794
3,0.4234499381138728,0.3565128992001216,0.3565128992001216,0.001,0.010898812459065365,0.40165231090325576,0.025839469706018765,0.3306734263896942,0.025839469706018765,0.3306734263896942
4,0.39574379187363845,0.32381052275498706,0.32381052275498706,0.001,0.009564684274104925,0.37661442389855015,0.01900373523434003,0.30480678627888363,0.01900373523434003,0.30480678627888363
5,0.37028221442149234,0.30474621802568436,0.30474621802568436,0.001,0.008329129634568324,0.3536239564418793,0.0186040997505188,0.28614211827516556,0.0186040997505188,0.28614211827516556
1,0.550843229660621,0.42132710417111713,0.42132710417111713,0.001,0.025195834441826895,0.5256474018096924,0.01446000455568234,0.4068670968214671,0.01446000455568234,0.4068670968214671
2,0.4751961873127864,0.39474454522132874,0.39474454522132874,0.001,0.015110644368598094,0.46008554100990295,0.00925030947352449,0.3854942371447881,0.00925030947352449,0.3854942371447881
1,0.550843229660621,0.42132710417111713,0.42132710417111713,0.001,0.025195834441826895,0.5256474018096924,0.01446000455568234,0.4068670968214671,0.01446000455568234,0.4068670968214671
2,0.4751961873127864,0.39474454522132874,0.39474454522132874,0.001,0.015110644368598094,0.46008554100990295,0.00925030947352449,0.3854942371447881,0.00925030947352449,0.3854942371447881
3,0.417725138939344,0.3484843174616496,0.3484843174616496,0.001,0.01140608058239405,0.4063190519809723,0.009012912943338355,0.33947140475114185,0.009012912943338355,0.33947140475114185
4,0.39308589009138256,0.3200105254848798,0.3200105254848798,0.001,0.009959901897953106,0.3831259860442235,0.006570414484788974,0.31344011674324673,0.006570414484788974,0.31344011674324673
5,0.3643799630495218,0.2917886897921562,0.2917886897921562,0.001,0.008428579518714776,0.3559513825636644,0.005841536292185386,0.28594714899857837,0.005841536292185386,0.28594714899857837
1,0.550843229660621,0.42132710417111713,0.42132710417111713,0.001,0.025195834441826895,0.5256474018096924,0.01446000455568234,0.4068670968214671,0.01446000455568234,0.4068670968214671
2,0.477369310764166,0.3844957500696182,0.3844957500696182,0.001,0.014688871012857327,0.46268043839014494,0.009426388811940948,0.37506935993830365,0.009426388811940948,0.37506935993830365
3,0.41748503079781163,0.3340930591026942,0.3340930591026942,0.001,0.011062090356762592,0.4064229428768158,0.007519309253742297,0.32657375435034436,0.007519309253742297,0.32657375435034436
4,0.3857686175749852,0.2981889819105466,0.2981889819105466,0.001,0.009906839256962905,0.37586177541659427,0.006062240106984973,0.29212674001852673,0.006062240106984973,0.29212674001852673
5,0.35177793640356797,0.29968973249197006,0.29968973249197006,0.001,0.008410351171803016,0.34336758576906645,0.006266057879353563,0.29342367748419446,0.006266057879353563,0.29342367748419446
1,0.600397717494231,0.4209056446949641,0.4209056446949641,0.001,0.07170981197403027,0.5286879103917342,0.012671546079218388,0.4082340995470683,0.012671546079218388,0.4082340995470683
2,0.5012960686133459,0.3801407814025879,0.3801407814025879,0.001,0.04074283517324007,0.46055323344010574,0.008951822528615594,0.3711889584859212,0.008951822528615594,0.3711889584859212
3,0.4321089753737816,0.3306484892964363,0.3306484892964363,0.001,0.031813351007608265,0.4002956266586597,0.006809473658601443,0.32383901874224347,0.006809473658601443,0.32383901874224347
4,0.3952398357483057,0.2955937410394351,0.2955937410394351,0.001,0.027623053496846788,0.3676167818216177,0.0057000149972736835,0.2898937265078227,0.0057000149972736835,0.2898937265078227
5,0.36794833495066714,0.28264646977186203,0.28264646977186203,0.001,0.024514471252377216,0.34343386269532716,0.005477020284160972,0.27716944615046185,0.005477020284160972,0.27716944615046185
1,0.600397717494231,0.4209056446949641,0.4209056446949641,0.001,0.07170981197403027,0.5286879103917342,0.012671546079218388,0.4082340995470683,0.012671546079218388,0.4082340995470683
2,0.5012960686133459,0.3801407814025879,0.3801407814025879,0.001,0.04074283517324007,0.46055323344010574,0.008951822528615594,0.3711889584859212,0.008951822528615594,0.3711889584859212
3,0.4321089753737816,0.3306484892964363,0.3306484892964363,0.001,0.031813351007608265,0.4002956266586597,0.006809473658601443,0.32383901874224347,0.006809473658601443,0.32383901874224347
4,0.3952398357483057,0.2955937410394351,0.2955937410394351,0.001,0.027623053496846788,0.3676167818216177,0.0057000149972736835,0.2898937265078227,0.0057000149972736835,0.2898937265078227
5,0.36794833495066714,0.28264646977186203,0.28264646977186203,0.001,0.024514471252377216,0.34343386269532716,0.005477020284160972,0.27716944615046185,0.005477020284160972,0.27716944615046185
1,0.6556885059063251,0.4700364371140798,0.4700364371140798,0.001,0.05261765649685493,0.7852004445516146,0.030508970841765404,0.6349831720193228,0.030508970841765404,0.6349831720193228
2,0.5011014640331268,0.37844178080558777,0.37844178080558777,0.001,0.03344565687271265,0.667746351315425,0.01954580843448639,0.5614254772663116,0.01954580843448639,0.5614254772663116
1,0.638676968904642,0.4596128116051356,0.4596128116051356,0.001,0.05147392130815066,0.762614736190209,0.028164342045783997,0.6375822027524313,0.028164342045783997,0.6375822027524313
2,0.4961722791194916,0.40664232273896533,0.40664232273896533,0.001,0.030797792312044363,0.6843666159189664,0.02066652135302623,0.6066194474697113,0.02066652135302623,0.6066194474697113
1,0.5211343529977297,0.3356289425316979,0.3356289425316979,0.001,0.034979918922640775,0.6924695215727154,0.016236501965014374,0.5088928622357985,0.016236501965014374,0.5088928622357985
2,0.3618408817993967,0.28717995040556965,0.28717995040556965,0.001,0.020456238943887383,0.5191193779832438,0.014098518473260543,0.43337471520199494,0.014098518473260543,0.43337471520199494
3,0.31170937026801865,0.2632759336163016,0.2632759336163016,0.001,0.017704107455517117,0.4463776663730019,0.014215282000163022,0.38439904591616464,0.014215282000163022,0.38439904591616464
4,0.27850240194483805,0.23550285223652334,0.23550285223652334,0.001,0.01669849161254732,0.39001988031362234,0.013322120696744499,0.3377844980534385,0.013322120696744499,0.3377844980534385
5,0.25637174829056386,0.21327496714451732,0.21327496714451732,0.001,0.01586584621844323,0.35408503444571243,0.013186780626282972,0.2946821302175522,0.013186780626282972,0.2946821302175522
6,0.23010421073750445,0.19603759663946488,0.19603759663946488,0.001,0.014970982912927866,0.31049859366918864,0.013181377092705053,0.2602614216944751,0.013181377092705053,0.2602614216944751
7,0.19449467957019806,0.16269701763111002,0.16269701763111002,0.001,0.014111629197079884,0.24787306393447675,0.013102226178435719,0.194371776545749,0.013102226178435719,0.194371776545749
8,0.16575498604460767,0.14883155594853795,0.14883155594853795,0.001,0.013696293395600821,0.19454703754500338,0.012263984090703376,0.1750232695656664,0.012263984090703376,0.1750232695656664
9,0.15195647940823906,0.13027349158244975,0.13027349158244975,0.001,0.013345652725547552,0.1704564282768651,0.012054643210242777,0.14000055018593283,0.012054643210242777,0.14000055018593283
10,0.13602042374642273,0.11750701420447406,0.11750701420447406,0.001,0.013084551196937499,0.14119533351377436,0.011702046784407952,0.11799356034573387,0.011702046784407952,0.11799356034573387
11,0.1279432567718782,0.11287434136166292,0.11287434136166292,0.001,0.012770508979692272,0.1281814210508999,0.011854169835500857,0.10720698491615407,0.011854169835500857,0.10720698491615407
12,0.11652476222891557,0.10721100516179029,0.10721100516179029,0.001,0.012488841985989558,0.10816110376464694,0.011548262911246103,0.09893938153982162,0.011548262911246103,0.09893938153982162
13,0.11559536170802619,0.10482786727302215,0.10482786727302215,0.001,0.012414819928572365,0.10704252359114196,0.011569598196622203,0.09395975027890767,0.011569598196622203,0.09395975027890767
14,0.11137900089747027,0.09886533065753825,0.09886533065753825,0.001,0.012204807766370084,0.10070992486649438,0.0113786356523633,0.08394430490101085,0.0113786356523633,0.08394430490101085
15,0.1094373021470873,0.09643835574388504,0.09643835574388504,0.001,0.012439240750513579,0.0944821955145974,0.011382473084856482,0.07905198042007054,0.011382473084856482,0.07905198042007054
16,0.1003838473636853,0.09252767352496877,0.09252767352496877,0.001,0.012122238618566802,0.07954531045336473,0.01116199665428961,0.07343538017833934,0.01116199665428961,0.07343538017833934
17,0.10160493184077113,0.09234794010134305,0.09234794010134305,0.001,0.011920968732355456,0.08400017562273301,0.011032638906994286,0.07436949233798419,0.011032638906994286,0.07436949233798419
18,0.09976974913948461,0.09185102713458679,0.09185102713458679,0.001,0.01186635999597217,0.08087589964270592,0.010978761293432292,0.0739144408965812,0.010978761293432292,0.0739144408965812
19,0.09817421416703023,0.08748809883699697,0.08748809883699697,0.001,0.011992251108351507,0.07642591676037562,0.010730751132702126,0.06766868810005047,0.010730751132702126,0.06766868810005047
20,0.09584551500646692,0.08677841832532603,0.08677841832532603,0.001,0.01162458024919033,0.07544522791316635,0.010826306308017057,0.06529377225567312,0.010826306308017057,0.06529377225567312
21,0.09475855607735484,0.08508164413711604,0.08508164413711604,0.001,0.011631413828581572,0.07320297509431839,0.010729520307744251,0.06286808475852013,0.010729520307744251,0.06286808475852013
22,0.08988253184055027,0.08546147473594722,0.08546147473594722,0.001,0.01159709010665354,0.06379416437917634,0.010512947488357039,0.06579347360221778,0.010512947488357039,0.06579347360221778
23,0.09157510984100793,0.08067500722758911,0.08067500722758911,0.001,0.011531800619865718,0.06783221152267958,0.010443618192392238,0.056913831545149576,0.010443618192392238,0.056913831545149576
24,0.09007697787724044,0.07999001246164827,0.07999001246164827,0.001,0.0114107205973644,0.06604674978083686,0.010500809670809437,0.05497192854390425,0.010500809670809437,0.05497192854390425
25,0.08843311412554038,0.07962207934435676,0.07962207934435676,0.001,0.011479402965817013,0.06207219775962202,0.010423409642980379,0.05501006258761182,0.010423409642980379,0.05501006258761182
26,0.08898547468216796,0.0783170702702859,0.0783170702702859,0.001,0.01145704345483529,0.06340051461991511,0.010361926465788308,0.05301487829317065,0.010361926465788308,0.05301487829317065
27,0.08455357465304826,0.07834573747480617,0.07834573747480617,0.001,0.011129830498248339,0.05780884496083385,0.010204369914444053,0.054647774490363454,0.010204369914444053,0.054647774490363454
28,0.08850812774739768,0.07910574643927462,0.07910574643927462,0.001,0.011314256729460076,0.06387369040595858,0.010330038857372367,0.054911104743095004,0.010330038857372367,0.054911104743095004
29,0.08398044187771647,0.07578593580161824,0.07578593580161824,0.001,0.011196555055089687,0.055995333155519085,0.010093108367393999,0.050640789901509005,0.010093108367393999,0.050640789901509005
30,0.08478352427482605,0.0772509568316095,0.0772509568316095,0.001,0.010922007948944443,0.06034696807986811,0.010131063871085644,0.05319127407582367,0.010131063871085644,0.05319127407582367
31,0.08420005950488542,0.07657615248771275,0.07657615248771275,0.001,0.011519271537269416,0.053207404372331346,0.010090579717036556,0.05224650731200681,0.010090579717036556,0.05224650731200681
32,0.07992465127455561,0.07783133996760144,0.07783133996760144,0.001,0.010952380681900601,0.05032549504386751,0.010110949659172227,0.05455318148083547,0.010110949659172227,0.05455318148083547
33,0.08305177818003454,0.07363957824075923,0.07363957824075923,0.001,0.011013880813200223,0.055964749747593155,0.009820162702132674,0.049077529241057,0.009820162702132674,0.049077529241057
34,0.0818243150256182,0.07427790366551455,0.07427790366551455,0.001,0.011043025866935128,0.053218371774020945,0.00988578495076474,0.04969795787816539,0.00988578495076474,0.04969795787816539
35,0.0828000889404824,0.07131071542115773,0.07131071542115773,0.001,0.011102325209465465,0.054576925345157325,0.009771909948219271,0.04490233010009808,0.009771909948219271,0.04490233010009808
36,0.0783421652097451,0.07402925368617563,0.07402925368617563,0.001,0.010826041823939273,0.04842391237616539,0.009747715666890144,0.0505813498816946,0.009747715666890144,0.0505813498816946
37,0.08089236248480647,0.07259987711029894,0.07259987711029894,0.001,0.010852287425414511,0.05326185238204504,0.009740675689981264,0.04779299748513628,0.009740675689981264,0.04779299748513628
38,0.08051288461214617,0.07348688385065864,0.07348688385065864,0.001,0.011035782383068612,0.05066794671706463,0.009848824702203274,0.04848551854272099,0.009848824702203274,0.04848551854272099
39,0.07955681993380974,0.07006463583777933,0.07006463583777933,0.001,0.010710551158377999,0.052008129264179026,0.009556078187683049,0.04456848826478509,0.009556078187683049,0.04456848826478509
40,0.07968774908467342,0.0726135022499982,0.0726135022499982,0.001,0.01059443922713399,0.05343110722146536,0.009690758936545429,0.048319416394566786,0.009690758936545429,0.048319416394566786
41,0.07888775201220262,0.06925745133091421,0.06925745133091421,0.001,0.010758693795651197,0.05018856489148579,0.009468594675554949,0.04382895596106263,0.009468594675554949,0.04382895596106263
42,0.07712238242751673,0.07085290025262271,0.07085290025262271,0.001,0.010635551530867815,0.04788924856601577,0.009636300068129511,0.045342800919623935,0.009636300068129511,0.045342800919623935
43,0.07777636213914345,0.06935189993065946,0.06935189993065946,0.001,0.010606203179218267,0.04949069204495141,0.00948977766229826,0.04380602247136481,0.00948977766229826,0.04380602247136481
44,0.07835141804657485,0.0694970116019249,0.0694970116019249,0.001,0.01064157383026261,0.05028709734937078,0.009438518982599764,0.04460883321350112,0.009438518982599764,0.04460883321350112
45,0.0770866984599515,0.06753742300412234,0.06753742300412234,0.001,0.010614144689354458,0.04803194919306981,0.009327494374969426,0.04179990297073827,0.009327494374969426,0.04179990297073827
46,0.07784465347465716,0.06938901455963359,0.06938901455963359,0.001,0.010773751271986648,0.04795179373927807,0.009347548927454388,0.045302539570804906,0.009347548927454388,0.045302539570804906
47,0.07643857980637174,0.06947151286637082,0.06947151286637082,0.001,0.010585160117204251,0.047025557117242565,0.009412661085233968,0.04481641389429569,0.009412661085233968,0.04481641389429569
48,0.0782641620424233,0.06741955832523458,0.06741955832523458,0.001,0.010653717614906398,0.04999114666134119,0.009341288741458864,0.041426227866288495,0.009341288741458864,0.041426227866288495
49,0.07691338432854727,0.06954360315028359,0.06954360315028359,0.001,0.010483285804328165,0.04899391002560917,0.009328492095365244,0.04580228786696406,0.009328492095365244,0.04580228786696406
50,0.07766760728861156,0.07033169839312048,0.07033169839312048,0.001,0.010677563810819074,0.048559577522897406,0.009213858064921462,0.04852481756140204,0.009213858064921462,0.04852481756140204
51,0.07573971132698812,0.06723704627331566,0.06723704627331566,0.001,0.010596406915666242,0.045515354477653376,0.009304221171666594,0.04143188176128794,0.009304221171666594,0.04143188176128794
52,0.07303655833790176,0.06615604438325938,0.06615604438325938,0.001,0.010277220660722569,0.04330091006857784,0.009148501517141567,0.0408270724446458,0.009148501517141567,0.0408270724446458
53,0.07534543905211122,0.06607235442189609,0.06607235442189609,0.001,0.01041312949535878,0.04655958202324415,0.009102627361083733,0.04111843545208959,0.009102627361083733,0.04111843545208959
54,0.07425743066950848,0.06705935737665962,0.06705935737665962,0.001,0.010216231310838148,0.04635254911294109,0.009033328250927083,0.04378543213448104,0.009033328250927083,0.04378543213448104
55,0.07270438596606255,0.0662020293667036,0.0662020293667036,0.001,0.010255430016274514,0.042854471328227145,0.009019464802216081,0.042209411697352636,0.009019464802216081,0.042209411697352636
56,0.0770645076899152,0.0664547534988207,0.0664547534988207,0.001,0.010555350907931202,0.048575505516246745,0.009114494766382611,0.04176455895032953,0.009114494766382611,0.04176455895032953
57,0.07262104377150536,0.06612011352006127,0.06612011352006127,0.001,0.010253132124872584,0.042710766857980115,0.00905189778217498,0.04172124902662985,0.00905189778217498,0.04172124902662985
58,0.0726826044877893,0.06630115254836924,0.06630115254836924,0.001,0.010329236717600571,0.04207284160350498,0.008972870240754941,0.0428736020317849,0.008972870240754941,0.0428736020317849
59,0.07418404058798363,0.06512623280286789,0.06512623280286789,0.001,0.010366846880826511,0.04469961339705869,0.008977469659465201,0.04047776999719003,0.008977469659465201,0.04047776999719003
60,0.07052142810272544,0.06418232948464506,0.06418232948464506,0.001,0.010174787603318691,0.03929498112809501,0.008903890765984268,0.03932575021377381,0.008903890765984268,0.03932575021377381
61,0.07002131582090729,0.0656063280561391,0.0656063280561391,0.001,0.010093843392831715,0.03910419827719268,0.008927018874708344,0.04194246936479912,0.008927018874708344,0.04194246936479912
62,0.07392419335481368,0.06692972406744957,0.06692972406744957,0.001,0.010394403833503785,0.04390434886475927,0.009111328927033088,0.042746157166274154,0.009111328927033088,0.042746157166274154
63,0.0705303673289324,0.0660014663110761,0.0660014663110761,0.001,0.0102393839655346,0.03866689510055279,0.009066737640429945,0.04133555473869338,0.009066737640429945,0.04133555473869338
64,0.06990693391937959,0.065743618809125,0.065743618809125,0.001,0.010148162953555584,0.038332238303203335,0.008843173492042458,0.04305550384828273,0.008843173492042458,0.04305550384828273
65,0.0739947861354602,0.064653481630718,0.064653481630718,0.001,0.010279655677119368,0.04519301388216646,0.008914665346417357,0.040160310290315575,0.008914665346417357,0.040160310290315575
66,0.07381230935846504,0.06696228704908315,0.06696228704908315,0.001,0.010347666611012659,0.04414795353812607,0.00900655530173989,0.043859020806849,0.00900655530173989,0.043859020806849
67,0.0693071344377179,0.06456980043474365,0.06456980043474365,0.001,0.010167418905582867,0.03694007864319965,0.008721130708342089,0.04192829164950287,0.008721130708342089,0.04192829164950287
68,0.0702058106268707,0.06649652298759012,0.06649652298759012,0.001,0.010142253589277206,0.03898908570408821,0.008826671743436772,0.0447263285955962,0.008826671743436772,0.0447263285955962
69,0.07334953409276511,0.06520640170749496,0.06520640170749496,0.001,0.010345899647003725,0.043240072793866456,0.008930033648057896,0.041112467071370166,0.008930033648057896,0.041112467071370166
70,0.07028042779941308,0.06547168247839984,0.06547168247839984,0.001,0.010021940192305729,0.0403414549502103,0.00877524709657711,0.043190894319730645,0.00877524709657711,0.043190894319730645
